<?xml version="1.0" encoding="UTF-8" ?>

<!DOCTYPE configuration
 		 PUBLIC "-//mybatis.org//DTD Config 3.0//EN"
 		"http://mybatis.org/dtd/mybatis-3-config.dtd">
  						
<!--	mybatis-config.xml :: MyBatis Framework  MetaData -->
<configuration>

	<!-- 기타 설정정보 :: [MyBatis_Home]/mybatis-3.2.1.pdf 참조 -->
	<settings>
		<setting name="callSettersOnNulls" value="false"/>
	</settings>	
	
	<!-- FQCN(Full Qualified Class Name) Alias(별칭관리) -->
	<typeAliases>
		<typeAlias alias="user" type="bitcamp.java87.project01.domain.User" />	
		<typeAlias alias="search" type="bitcamp.java87.project01.domain.Search" />
		<typeAlias alias="content" type="bitcamp.java87.project01.domain.Content"/>
		</typeAliases>
	
	 <!-- SQL Definition :: file include -->
	<mappers>
		<mapper resource="sql/UserMapper.xml"/>	
		<mapper resource="sql/ContentMapper.xml"/>
	</mappers>

</configuration>