<?xml version="1.0" encoding="UTF-8" ?>

<!DOCTYPE mapper
		PUBLIC "-//mybatis.org//DTD Mapper 3.0//EN"
		"http://mybatis.org/dtd/mybatis-3-mapper.dtd">

<mapper namespace="UserMapper">
 	
	<resultMap id="userSelectMap" type="user">
		<result property="userId" 	column="USER_ID" 	jdbcType="NUMERIC"/>		
		<result property="email"	column="EMAIL" 		jdbcType="VARCHAR"  />
		<result property="pwd"		column="PWD"		jdbcType="VARCHAR" /> 
		<collection property="tag" column="TAG_NAME" javaType="java.util.List" ofType="user"></collection>
	</resultMap>
	
	
	<!-- SQL : INSERT -->
	<insert id="addUser" parameterType="user" keyColumn="USER_ID" keyProperty="userId" useGeneratedKeys="true" >
	 	INSERT
		INTO USERS (EMAIL, PWD)
		VALUES	 (#{email}, #{pwd} )
	 </insert>
	 
	 <insert id="addUserTag" parameterType="user" >
	 	INSERT ALL
	 	<foreach collection="tag" item="item" separator=" ">
		INTO USER_TAG (USER_ID,TAG_NAME) VALUES (#{userId},#{item})
		</foreach>
		SELECT * FROM DUAL
	 </insert>
	 
	 <!-- SQL : SELECT ONE -->
	 <select 	id="getUser"	parameterType="string"	resultMap="userSelectMap">
		SELECT
		USER_ID, EMAIL, PWD
		FROM USERS 
		WHERE EMAIL = #{value}
	 </select>
	 
	 <!-- SQL : UPDATE -->
	 <update	id="updateUser"	parameterType="user" >
	   	UPDATE users
	   	<set>
			pwd	=#{pwd}
	   	</set>
	   	WHERE  email= #{email}
	 </update>
		 
	<!-- SQL : SELECT LIST -->
	<select  id="getUserList"  parameterType="search"	resultMap="userSelectMap">
	  	SELECT *
	  	FROM (	SELECT inner_table.* , ROWNUM AS row_seq
	  					FROM		(	SELECT user_id , user_name , email
											FROM users
											<if test="searchCondition != null">
												<where>
													<if test="searchCondition == 0 and searchKeyword !='' ">
										 				user_id like &apos;${searchKeyword}%&apos;
													</if>
													<if test="searchCondition == 1 and searchKeyword !='' ">
										 				user_name like &apos;${searchKeyword}%&apos;
													</if>
												</where>
											</if>
											ORDER BY user_id ) inner_table
						WHERE ROWNUM &lt;= #{endRowNum} )
		WHERE row_seq BETWEEN #{startRowNum} AND #{endRowNum} 
	 </select>
	
	<!-- SQL : SELECT ROW Count -->	 
	 <select  id="getTotalCount"  parameterType="search"	 resultType="int">
	  	SELECT COUNT(*)
	  	FROM(	SELECT user_id , user_name , email
						FROM users
						<if test="searchCondition != null">
							<where>
								<if test="searchCondition == 0 and searchKeyword !='' ">
						 			user_id like &apos;${searchKeyword}%&apos;
								</if>
								<if test="searchCondition == 1 and searchKeyword !='' ">
						 		user_name like '${searchKeyword}%&apos;
								</if>
							</where>
						</if> ) countTable						
	 </select>
	 
</mapper>